{
    "foreground_intensity_properties_per_channel": {
        "0": {
            "max": 2111.644287109375,
            "mean": 165.6545087934566,
            "median": 117.41012573242188,
            "min": 4.385012626647949,
            "percentile_00_5": 29.64170265197754,
            "percentile_99_5": 840.7626342773438,
            "std": 141.45000738071832
        }
    },
    "median_relative_size_after_cropping": 0.8890787760416666,
    "shapes_after_crop": [
        [
            90,
            95,
            92
        ],
        [
            91,
            95,
            91
        ],
        [
            91,
            95,
            92
        ],
        [
            87,
            95,
            92
        ],
        [
            88,
            95,
            92
        ],
        [
            91,
            95,
            92
        ],
        [
            91,
            95,
            92
        ],
        [
            91,
            95,
            92
        ],
        [
            91,
            95,
            92
        ],
        [
            90,
            95,
            92
        ],
        [
            90,
            95,
            88
        ],
        [
            91,
            95,
            92
        ],
        [
            91,
            95,
            92
        ],
        [
            89,
            95,
            90
        ],
        [
            91,
            95,
            92
        ],
        [
            91,
            95,
            92
        ],
        [
            91,
            95,
            92
        ],
        [
            91,
            95,
            92
        ],
        [
            91,
            95,
            92
        ],
        [
            91,
            95,
            90
        ],
        [
            92,
            95,
            90
        ],
        [
            91,
            95,
            93
        ],
        [
            91,
            95,
            90
        ],
        [
            96,
            95,
            92
        ],
        [
            93,
            95,
            92
        ],
        [
            91,
            96,
            90
        ],
        [
            91,
            95,
            90
        ],
        [
            91,
            96,
            90
        ],
        [
            86,
            94,
            89
        ],
        [
            90,
            95,
            89
        ],
        [
            91,
            94,
            92
        ],
        [
            92,
            95,
            92
        ],
        [
            87,
            95,
            90
        ],
        [
            91,
            95,
            90
        ],
        [
            87,
            95,
            88
        ],
        [
            90,
            95,
            92
        ],
        [
            91,
            96,
            90
        ],
        [
            91,
            95,
            90
        ],
        [
            96,
            95,
            90
        ],
        [
            91,
            95,
            90
        ],
        [
            88,
            95,
            89
        ],
        [
            94,
            95,
            88
        ],
        [
            91,
            95,
            90
        ],
        [
            96,
            96,
            96
        ],
        [
            88,
            96,
            88
        ],
        [
            96,
            96,
            95
        ],
        [
            90,
            94,
            90
        ],
        [
            90,
            96,
            88
        ],
        [
            91,
            95,
            90
        ],
        [
            91,
            95,
            92
        ],
        [
            91,
            95,
            92
        ],
        [
            91,
            95,
            93
        ],
        [
            91,
            95,
            93
        ],
        [
            96,
            95,
            90
        ],
        [
            91,
            95,
            92
        ],
        [
            95,
            94,
            92
        ],
        [
            91,
            95,
            93
        ],
        [
            91,
            95,
            92
        ],
        [
            88,
            95,
            93
        ],
        [
            88,
            95,
            91
        ],
        [
            90,
            95,
            92
        ],
        [
            96,
            95,
            92
        ],
        [
            90,
            95,
            90
        ],
        [
            91,
            95,
            92
        ],
        [
            91,
            95,
            93
        ],
        [
            96,
            95,
            92
        ],
        [
            90,
            95,
            91
        ],
        [
            89,
            95,
            92
        ],
        [
            92,
            95,
            93
        ],
        [
            91,
            95,
            92
        ],
        [
            96,
            95,
            92
        ],
        [
            96,
            95,
            90
        ],
        [
            91,
            94,
            92
        ],
        [
            90,
            95,
            92
        ],
        [
            91,
            95,
            92
        ],
        [
            86,
            95,
            92
        ],
        [
            92,
            95,
            92
        ],
        [
            91,
            95,
            92
        ],
        [
            88,
            95,
            92
        ],
        [
            91,
            95,
            90
        ],
        [
            90,
            95,
            90
        ],
        [
            90,
            95,
            92
        ],
        [
            89,
            95,
            92
        ],
        [
            91,
            95,
            90
        ],
        [
            91,
            96,
            90
        ],
        [
            91,
            95,
            90
        ],
        [
            91,
            95,
            92
        ],
        [
            91,
            95,
            92
        ],
        [
            91,
            95,
            90
        ],
        [
            91,
            95,
            92
        ],
        [
            89,
            95,
            92
        ],
        [
            91,
            95,
            92
        ],
        [
            91,
            95,
            90
        ],
        [
            91,
            95,
            92
        ],
        [
            91,
            95,
            90
        ],
        [
            88,
            95,
            90
        ],
        [
            91,
            96,
            92
        ],
        [
            86,
            94,
            90
        ],
        [
            86,
            95,
            90
        ],
        [
            90,
            95,
            92
        ]
    ],