{
    "foreground_intensity_properties_per_channel": {
        "0": {
            "max": 1597.795654296875,
            "mean": 159.8568022006641,
            "median": 116.83731842041016,
            "min": 0.06004014238715172,
            "percentile_00_5": 33.02968978881836,
            "percentile_99_5": 846.8035888671875,
            "std": 129.05037056356483
        }
    },
    "median_relative_size_after_cropping": 0.8890787760416666,
    "shapes_after_crop": [
        [
            90,
            95,
            92
        ],
        [
            91,
            95,
            91
        ],
        [
            91,
            95,
            92
        ],
        [
            87,
            95,
            92
        ],
        [
            88,
            95,
            92
        ],
        [
            91,
            95,
            92
        ],
        [
            91,
            95,
            92
        ],
        [
            91,
            95,
            92
        ],
        [
            91,
            95,
            92
        ],
        [
            90,
            95,
            92
        ],
        [
            90,
            95,
            88
        ],
        [
            91,
            95,
            92
        ],
        [
            91,
            95,
            92
        ],
        [
            89,
            95,
            90
        ],
        [
            91,
            95,
            92
        ],
        [
            91,
            95,
            92
        ],
        [
            91,
            95,
            92
        ],
        [
            91,
            95,
            92
        ],
        [
            91,
            95,
            92
        ],
        [
            91,
            95,
            90
        ],
        [
            92,
            95,
            90
        ],
        [
            91,
            95,
            93
        ],
        [
            91,
            95,
            90
        ],
        [
            96,
            95,
            92
        ],
        [
            93,
            95,
            92
        ],
        [
            91,
            96,
            90
        ],
        [
            91,
            95,
            90
        ],
        [
            91,
            96,
            90
        ],
        [
            86,
            94,
            89
        ],
        [
            90,
            95,
            89
        ],
        [
            91,
            94,
            92
        ],
        [
            92,
            95,
            92
        ],
        [
            87,
            95,
            90
        ],
        [
            91,
            95,
            90
        ],
        [
            87,
            95,
            88
        ],
        [
            90,
            95,
            92
        ],
        [
            91,
            96,
            90
        ],
        [
            91,
            95,
            90
        ],
        [
            96,
            95,
            90
        ],
        [
            91,
            95,
            90
        ],
        [
            88,
            95,
            89
        ],
        [
            94,
            95,
            88
        ],
        [
            91,
            95,
            90
        ],
        [
            96,
            96,
            96
        ],
        [
            88,
            96,
            88
        ],
        [
            96,
            96,
            95
        ],
        [
            90,
            94,
            90
        ],
        [
            90,
            96,
            88
        ],
        [
            91,
            95,
            90
        ],
        [
            91,
            95,
            92
        ],
        [
            91,
            95,
            92
        ],
        [
            91,
            95,
            93
        ],
        [
            91,
            95,
            93
        ],
        [
            96,
            95,
            90
        ],
        [
            91,
            95,
            92
        ],
        [
            95,
            94,
            92
        ],
        [
            91,
            95,
            93
        ],
        [
            91,
            95,
            92
        ],
        [
            88,
            95,
            93
        ],
        [
            88,
            95,
            91
        ],
        [
            90,
            95,
            92
        ],
        [
            96,
            95,
            92
        ],
        [
            90,
            95,
            90
        ],
        [
            91,
            95,
            92
        ],
        [
            91,
            95,
            93
        ],
        [
            96,
            95,
            92
        ],
        [
            90,
            95,
            91
        ],
        [
            89,
            95,
            92
        ],
        [
            92,
            95,
            93
        ],
        [
            91,
            95,
            92
        ],
        [
            96,
            95,
            92
        ],
        [
            96,
            95,
            90
        ],
        [
            91,
            94,
            92
        ],
        [
            90,
            95,
            92
        ],
        [
            91,
            95,
            92
        ],
        [
            86,
            95,
            92
        ],
        [
            92,
            95,
            92
        ],
        [
            91,
            95,
            92
        ],
        [
            88,
            95,
            92
        ],
        [
            91,
            95,
            90
        ],
        [
            90,
            95,
            90
        ],
        [
            90,
            95,
            92
        ],
        [
            89,
            95,
            92
        ],
        [
            91,
            95,
            90
        ],
        [
            91,
            96,
            90
        ],
        [
            91,
            95,
            90
        ],
        [
            91,
            95,
            92
        ],
        [
            91,
            95,
            92
        ],
        [
            91,
            95,
            90
        ],
        [
            91,
            95,
            92
        ],
        [
            89,
            95,
            92
        ],
        [
            91,
            95,
            92
        ],
        [
            91,
            95,
            90
        ],
        [
            91,
            95,
            92
        ],
        [
            91,
            95,
            90
        ],
        [
            88,
            95,
            90
        ],
        [
            91,
            96,
            92
        ],
        [
            86,
            94,
            90
        ],
        [
            86,
            95,
            90
        ],
        [
            90,
            95,
            92
        ]
    ],