{
    "foreground_intensity_properties_per_channel": {
        "0": {
            "max": 2200.893798828125,
            "mean": 148.12487409314423,
            "median": 106.79875183105469,
            "min": 3.9074912071228027,
            "percentile_00_5": 29.955808639526367,
            "percentile_99_5": 743.7603149414062,
            "std": 125.92539474241606
        }
    },
    "median_relative_size_after_cropping": 0.8939619064331055,
    "shapes_after_crop": [
        [
            122,
            127,
            122
        ],
        [
            117,
            127,
            122
        ],
        [
            122,
            126,
            123
        ],
        [
            121,
            127,
            122
        ],
        [
            121,
            127,
            122
        ],
        [
            121,
            127,
            122
        ],
        [
            120,
            126,
            122
        ],
        [
            121,
            127,
            118
        ],
        [
            122,
            127,
            122
        ],
        [
            120,
            127,
            122
        ],
        [
            121,
            127,
            122
        ],
        [
            121,
            127,
            122
        ],
        [
            122,
            127,
            122
        ],
        [
            121,
            127,
            124
        ],
        [
            122,
            127,
            122
        ],
        [
            122,
            127,
            120
        ],
        [
            122,
            127,
            125
        ],
        [
            128,
            127,
            122
        ],
        [
            121,
            128,
            120
        ],
        [
            121,
            127,
            122
        ],
        [
            121,
            128,
            120
        ],
        [
            116,
            126,
            120
        ],
        [
            123,
            127,
            122
        ],
        [
            117,
            126,
            122
        ],
        [
            121,
            127,
            120
        ],
        [
            120,
            127,
            120
        ],
        [
            121,
            128,
            120
        ],
        [
            121,
            127,
            120
        ],
        [
            128,
            127,
            120
        ],
        [
            118,
            127,
            120
        ],
        [
            126,
            127,
            118
        ],
        [
            121,
            127,
            120
        ],
        [
            128,
            128,
            128
        ],
        [
            116,
            128,
            118
        ],
        [
            128,
            128,
            127
        ],
        [
            120,
            126,
            122
        ],
        [
            122,
            127,
            120
        ],
        [
            122,
            127,
            122
        ],
        [
            121,
            127,
            124
        ],
        [
            122,
            127,
            124
        ],
        [
            128,
            127,
            120
        ],
        [
            122,
            127,
            122
        ],
        [
            127,
            126,
            124
        ],
        [
            116,
            127,
            125
        ],
        [
            121,
            127,
            122
        ],
        [
            128,
            127,
            122
        ],
        [
            121,
            127,
            122
        ],
        [
            121,
            127,
            124
        ],
        [
            121,
            127,
            122
        ],
        [
            120,
            127,
            122
        ],
        [
            122,
            127,
            124
        ],
        [
            121,
            127,
            122
        ],
        [
            128,
            127,
            122
        ],
        [
            121,
            127,
            122
        ],
        [
            122,
            127,
            124
        ],
        [
            116,
            126,
            122
        ],
        [
            123,
            126,
            122
        ],
        [
            122,
            126,
            122
        ],
        [
            121,
            127,
            122
        ],
        [
            121,
            126,
            122
        ],
        [
            122,
            128,
            122
        ],
        [
            122,
            126,
            120
        ],
        [
            121,
            126,
            122
        ],
        [
            121,
            126,
            122
        ],
        [
            121,
            126,
            122
        ],
        [
            120,
            126,
            122
        ],
        [
            121,
            126,
            122
        ],
        [
            121,
            126,
            122
        ],
        [
            121,
            126,
            122
        ],
        [
            119,
            126,
            122
        ],
        [
            121,
            128,
            122
        ],
        [
            116,
            126,
            120
        ],
        [
            120,
            126,
            122
        ]
    ],