{
    "foreground_intensity_properties_per_channel": {
        "0": {
            "max": 2015.872802734375,
            "mean": 148.28088222879077,
            "median": 106.92247772216797,
            "min": 4.385012626647949,
            "percentile_00_5": 28.32545280456543,
            "percentile_99_5": 731.7960205078125,
            "std": 125.73865090173604
        }
    },
    "median_relative_size_after_cropping": 0.8890787760416666,
    "shapes_after_crop": [
        [
            91,
            95,
            91
        ],
        [
            87,
            95,
            92
        ],
        [
            91,
            95,
            92
        ],
        [
            91,
            95,
            92
        ],
        [
            91,
            95,
            92
        ],
        [
            91,
            95,
            92
        ],
        [
            90,
            95,
            92
        ],
        [
            90,
            95,
            88
        ],
        [
            91,
            95,
            92
        ],
        [
            89,
            95,
            90
        ],
        [
            91,
            95,
            92
        ],
        [
            91,
            95,
            92
        ],
        [
            91,
            95,
            92
        ],
        [
            91,
            95,
            92
        ],
        [
            91,
            95,
            90
        ],
        [
            92,
            95,
            90
        ],
        [
            91,
            95,
            93
        ],
        [
            96,
            95,
            92
        ],
        [
            91,
            96,
            90
        ],
        [
            91,
            95,
            90
        ],
        [
            91,
            96,
            90
        ],
        [
            86,
            94,
            89
        ],
        [
            92,
            95,
            92
        ],
        [
            87,
            95,
            90
        ],
        [
            91,
            95,
            90
        ],
        [
            87,
            95,
            88
        ],
        [
            91,
            96,
            90
        ],
        [
            91,
            95,
            90
        ],
        [
            96,
            95,
            90
        ],
        [
            88,
            95,
            89
        ],
        [
            94,
            95,
            88
        ],
        [
            91,
            95,
            90
        ],
        [
            96,
            96,
            96
        ],
        [
            88,
            96,
            88
        ],
        [
            96,
            96,
            95
        ],
        [
            90,
            94,
            90
        ],
        [
            91,
            95,
            90
        ],
        [
            91,
            95,
            92
        ],
        [
            91,
            95,
            93
        ],
        [
            91,
            95,
            93
        ],
        [
            96,
            95,
            90
        ],
        [
            91,
            95,
            92
        ],
        [
            95,
            94,
            92
        ],
        [
            88,
            95,
            93
        ],
        [
            90,
            95,
            92
        ],
        [
            96,
            95,
            92
        ],
        [
            90,
            95,
            90
        ],
        [
            91,
            95,
            92
        ],
        [
            90,
            95,
            91
        ],
        [
            89,
            95,
            92
        ],
        [
            92,
            95,
            93
        ],
        [
            91,
            95,
            92
        ],
        [
            96,
            95,
            92
        ],
        [
            90,
            95,
            92
        ],
        [
            91,
            95,
            92
        ],
        [
            86,
            95,
            92
        ],
        [
            92,
            95,
            92
        ],
        [
            91,
            95,
            90
        ],
        [
            89,
            95,
            92
        ],
        [
            91,
            95,
            90
        ],
        [
            91,
            96,
            90
        ],
        [
            91,
            95,
            90
        ],
        [
            91,
            95,
            92
        ],
        [
            91,
            95,
            92
        ],
        [
            91,
            95,
            92
        ],
        [
            89,
            95,
            92
        ],
        [
            91,
            95,
            90
        ],
        [
            91,
            95,
            92
        ],
        [
            91,
            95,
            90
        ],
        [
            88,
            95,
            90
        ],
        [
            91,
            96,
            92
        ],
        [
            86,
            94,
            90
        ],
        [
            90,
            95,
            92
        ]
    ],